PassengerId,Survived,Pclass,Age,Fare,Fare_log,Sex_male,FamilySize,IsAlone
1,0,3,-0.5634371535308087,-0.566959029048866,2.1102132003465894,True,1,0
2,1,1,0.6645282281612983,0.9890156964692443,4.2805931204649,False,1,0
3,1,3,-0.25644580810778195,-0.550556892352417,2.188856327665703,False,0,1
4,1,1,0.4342847190940282,0.5471712932210367,3.9908341858524357,False,1,0
5,0,3,0.4342847190940282,-0.5475194596308524,2.2027647577118348,True,0,1
6,0,3,-0.10295013539626859,-0.5375979893891337,2.246892662898172,True,0,1
7,0,1,1.8924936098534053,0.5171007092775469,3.967694202798607,True,0,1
8,0,3,-2.0983938806459426,-0.23101897004381902,3.094445746490024,True,4,0
9,1,3,-0.17969797175202526,-0.4725969291476509,2.4959537387180646,False,2,0
10,1,2,-1.1774198443768622,-0.012425871830610958,3.436268471383741,False,1,0
11,1,3,-1.944898207934429,-0.33732911529858073,2.8735646395797834,False,2,0
12,1,1,2.199484955276432,-0.09797941683928862,3.3160025355989236,False,0,1
13,0,3,-0.7169328262423221,-0.5475194596308524,2.2027647577118348,True,0,1
14,0,3,0.741276064517055,0.016835540035853972,3.4742929367327062,True,6,0
15,0,3,-1.1774198443768622,-0.5522772942459113,2.180891922715322,False,0,1
16,1,2,1.969241446209162,-0.35433873853934256,2.833213344056216,False,0,1
17,0,3,-2.0983938806459426,-0.035408302775057465,3.405355391810819,True,5,0
18,1,2,-0.10295013539626859,-0.42723712385689344,2.639057329615259,True,0,1
19,0,3,0.1272933736710015,-0.30573981499430863,2.9444389791664403,False,1,0
20,1,3,-0.10295013539626859,-0.5675665155931788,2.1071782966514356,False,0,1
21,0,2,0.4342847190940282,-0.11134412081417297,3.295836866004329,True,0,1
22,1,2,0.35753688273827156,-0.42723712385689344,2.639057329615259,True,0,1
23,1,3,-1.1006720080211054,-0.5480248884357208,2.2004637699272855,False,0,1
24,1,1,-0.10295013539626859,0.11950076602473816,3.597312260588446,True,0,1
25,0,3,-1.6379068625114024,-0.23101897004381902,3.094445746490024,False,4,0
26,1,3,0.6645282281612983,0.019569229485262147,3.4777725458882283,False,6,0
27,0,3,-0.10295013539626859,-0.5675665155931788,2.1071782966514356,True,0,1
28,0,1,-0.7936806625980788,5.647628319272346,5.575949103146316,True,5,0
29,1,3,-0.10295013539626859,-0.5516698077015983,2.1837114628556327,False,0,1
30,0,3,-0.10295013539626859,-0.5512664366361745,2.1855792552411137,True,0,1
31,0,1,0.8180239008728116,-0.06952960699602577,3.357621598945279,True,0,1
32,1,1,-0.10295013539626859,2.8172464515789897,4.993969182787072,False,1,0
33,1,3,-0.10295013539626859,-0.5548092981626075,2.169053700369523,False,0,1
34,0,2,2.8134676461224855,-0.48798577828818585,2.4423470353692043,True,0,1
35,0,1,-0.10295013539626859,1.2535760865175227,4.420896324687287,True,1,0
36,0,1,0.9715195735843251,0.520441885271268,3.970291913552122,True,1,0
37,1,3,-0.10295013539626859,-0.5674644578537343,2.1076888046179385,True,0,1
38,0,3,-0.6401849898865654,-0.5475194596308524,2.2027647577118348,True,0,1
39,0,3,-0.8704284989538355,-0.30573981499430863,2.9444389791664403,False,2,0
40,1,3,-1.1774198443768622,-0.46996286749151,2.5048481563289,False,1,0
41,0,3,0.8180239008728116,-0.5128927266050157,2.3489914658082016,False,1,0
42,0,2,-0.17969797175202526,-0.23284142967675778,3.091042453358316,False,1,0
43,0,3,-0.10295013539626859,-0.5512664366361745,2.1855792552411137,True,0,1
44,1,2,-2.021646044290186,0.26722205403222327,3.7513658711253766,False,3,0
45,1,3,-0.7936806625980788,-0.5516698077015983,2.1837114628556327,False,0,1
46,0,3,-0.10295013539626859,-0.5475194596308524,2.2027647577118348,True,0,1
47,0,3,-0.10295013539626859,-0.36648846942560104,2.803360380906535,True,1,0
48,1,3,-0.10295013539626859,-0.5548092981626075,2.169053700369523,False,0,1
49,0,3,-0.10295013539626859,-0.2163372352408642,3.121448204868825,True,2,0
50,0,3,-0.8704284989538355,-0.31059970734881204,2.9338568698359033,False,1,0
51,0,3,-1.714654698867159,0.22125476219715295,3.705920919968788,True,5,0
52,0,3,-0.6401849898865654,-0.5535943250739817,2.174751721484161,True,0,1
53,1,1,1.508754428074622,1.1213481353361947,4.353230991152628,False,1,0
54,1,2,-0.02620229904051189,-0.11134412081417297,3.295836866004329,False,1,0
55,0,1,2.7367198097667287,0.7629310741915692,4.142804513146981,True,1,0
56,1,1,-0.10295013539626859,0.11950076602473816,3.597312260588446,True,0,1
57,1,2,-0.6401849898865654,-0.48798577828818585,2.4423470353692043,False,0,1
58,0,3,-0.06457621721839024,-0.5674644578537343,2.1076888046179385,True,0,1
59,1,2,-1.8681503715786725,-0.06882006271226829,3.3586377672433594,False,3,0
60,0,3,-1.4076633534441323,0.3965146302314315,3.8691155044168695,True,7,0
61,0,3,-0.5634371535308087,-0.5674644578537343,2.1076888046179385,True,0,1
62,1,1,0.6645282281612983,1.200826814901743,4.394449154672439,False,0,1
63,0,1,1.201763082651595,1.2852674445612393,4.436455632600354,True,1,0
64,0,3,-1.944898207934429,-0.06517514344639078,3.3638415951183864,True,5,0
65,0,1,-0.10295013539626859,-0.06952960699602577,3.357621598945279,True,0,1
66,1,3,-0.10295013539626859,-0.3726653926081749,2.7878344138303452,True,2,0
67,1,2,-0.02620229904051189,-0.48798577828818585,2.4423470353692043,False,0,1
68,0,3,-0.7936806625980788,-0.5448878279208889,2.2146605719425225,True,0,1
69,1,3,-0.9471763353095921,-0.550556892352417,2.188856327665703,False,6,0
70,0,3,-0.25644580810778195,-0.5326360392951858,2.2682524139135403,True,2,0
71,0,2,0.20404121002675818,-0.48798577828818585,2.4423470353692043,True,0,1
72,0,3,-1.0239241716653489,0.3965146302314315,3.8691155044168695,False,7,0
73,0,2,-0.6401849898865654,1.0428803133803828,4.310799125385514,True,0,1
74,0,3,-0.25644580810778195,-0.3919008465472993,2.737880811060884,True,1,0
75,1,3,0.20404121002675818,0.6296874055081498,4.051711901657239,True,0,1
76,0,3,-0.33319364446353866,-0.5572392443398593,2.157559320943788,True,0,1
77,0,3,-0.10295013539626859,-0.5512664366361745,2.1855792552411137,True,0,1
78,0,3,-0.10295013539626859,-0.5475194596308524,2.2027647577118348,True,0,1
79,1,2,-2.188188849182178,-0.038445735496622085,3.4011973816621555,True,2,0
80,1,3,0.0505455373152448,-0.43999434128746484,2.600836116795061,False,0,1
81,0,3,-0.5634371535308087,-0.5244349709469613,2.302585092994046,True,0,1
82,1,3,-0.02620229904051189,-0.5122852400607029,2.3513752571634776,True,0,1
83,1,3,-0.10295013539626859,-0.5538980683461381,2.1733302571367834,False,0,1
84,0,1,-0.10295013539626859,0.401374522585935,3.8732821771117156,True,0,1
85,1,2,-0.9471763353095921,-0.48798577828818585,2.4423470353692043,False,0,1
86,1,3,0.28078904638251484,-0.3579836578052201,2.8243506567983707,False,3,0
87,0,3,-1.0239241716653489,0.09216387153065658,3.5660053559634015,True,4,0
88,0,3,-0.10295013539626859,-0.5475194596308524,2.2027647577118348,True,0,1
89,1,1,-0.48668931717505204,5.647628319272346,5.575949103146316,False,5,0
90,0,3,-0.4099414808192953,-0.5475194596308524,2.2027647577118348,True,0,1
91,0,3,-0.02620229904051189,-0.5475194596308524,2.2027647577118348,True,0,1
92,0,3,-0.7169328262423221,-0.5522772942459113,2.180891922715322,True,0,1
93,0,1,1.2785109190073518,0.7433894470341111,4.1299529896894684,True,1,0
94,0,3,-0.25644580810778195,-0.2431687009300775,3.0715352369694915,True,3,0
95,0,3,2.276232791632189,-0.566959029048866,2.1102132003465894,True,0,1
96,0,3,-0.10295013539626859,-0.5475194596308524,2.2027647577118348,True,0,1
97,0,1,3.197206827901269,0.09894828125754339,3.57386695198272,True,0,1
98,1,1,-0.48668931717505204,0.7964424619220475,4.164465907853638,True,1,0
99,1,2,0.35753688273827156,-0.18424250613172385,3.1780538303479458,False,1,0
100,0,2,0.35753688273827156,-0.11134412081417297,3.295836866004329,True,1,0
101,0,3,-0.10295013539626859,-0.5512664366361745,2.1855792552411137,False,0,1
102,0,3,-0.10295013539626859,-0.5512664366361745,2.1855792552411137,True,0,1
103,0,1,-0.6401849898865654,1.1349145248437906,4.360387947851531,True,1,0
104,0,3,0.28078904638251484,-0.5328377248278977,2.267393053825037,True,0,1
105,0,3,0.5877803918055416,-0.550556892352417,2.188856327665703,True,2,0
106,0,3,-0.10295013539626859,-0.5512664366361745,2.1855792552411137,True,0,1
107,1,3,-0.6401849898865654,-0.5572392443398593,2.157559320943788,False,0,1
108,1,3,-0.10295013539626859,-0.5542018116182946,2.1719067693519296,True,0,1
109,0,3,0.6645282281612983,-0.5512664366361745,2.1855792552411137,True,0,1
110,1,3,-0.10295013539626859,-0.15629812509332938,3.224857896545748,False,1,0
111,0,1,1.3552587553631086,0.520441885271268,3.970291913552122,True,0,1
112,0,3,-1.1390459261989838,-0.3919008465472993,2.737880811060884,False,1,0
113,0,3,-0.5634371535308087,-0.5475194596308524,2.2027647577118348,True,0,1
114,0,3,-0.7169328262423221,-0.5043879149846349,2.3818582738885534,False,1,0
115,0,3,-0.9471763353095921,-0.39180121875403195,2.738146075922933,False,0,1
116,0,3,-0.6401849898865654,-0.550556892352417,2.188856327665703,True,0,1
117,0,3,3.1588329097233907,-0.5548092981626075,2.169053700369523,True,0,1
118,0,2,-0.02620229904051189,-0.23284142967675778,3.091042453358316,True,1,0
119,0,1,-0.4099414808192953,5.271492090603203,5.515526544247129,True,1,0
120,0,3,-2.0983938806459426,0.016835540035853972,3.4742929367327062,False,6,0
121,0,2,-0.6401849898865654,1.0428803133803828,4.310799125385514,True,2,0
122,0,3,-0.10295013539626859,-0.5475194596308524,2.2027647577118348,True,0,1
123,0,2,0.2424151282046365,-0.012425871830610958,3.436268471383741,True,1,0
124,1,2,0.2424151282046365,-0.42723712385689344,2.639057329615259,False,0,1
125,0,1,1.8924936098534053,1.1349145248437906,4.360387947851531,True,1,0
126,1,3,-1.3309155170883755,-0.46996286749151,2.5048481563289,True,1,0
127,0,3,-0.10295013539626859,-0.5548092981626075,2.169053700369523,True,0,1
128,1,3,-0.4099414808192953,-0.5695906607588296,2.0969990034181696,True,0,1
129,1,3,-0.10295013539626859,-0.199835470751148,3.1509523813392697,False,2,0
130,0,3,1.201763082651595,-0.5736413810363081,2.076311648670908,True,0,1
131,0,3,0.28078904638251484,-0.5512664366361745,2.1855792552411137,True,0,1
132,0,3,-0.7169328262423221,-0.5718189214033693,2.085672091430472,True,0,1
133,0,3,1.3552587553631086,-0.390787931198118,2.740840023925201,False,1,0
134,1,2,-0.02620229904051189,-0.11134412081417297,3.295836866004329,False,1,0
135,0,2,-0.33319364446353866,-0.42723712385689344,2.639057329615259,True,0,1
136,0,2,-0.48668931717505204,-0.3775252849626783,2.775447133088262,True,0,1
137,1,1,-0.7936806625980788,-0.1044600832940189,3.3062747934011893,False,2,0
138,0,1,0.5877803918055416,0.5471712932210367,3.9908341858524357,True,1,0
139,0,3,-1.0239241716653489,-0.5191692775808568,2.3240236363515288,True,0,1
140,0,1,-0.4099414808192953,1.1813872454837295,4.384523514872469,True,0,1
141,0,3,-0.10295013539626859,-0.3726653926081749,2.7878344138303452,False,2,0
142,1,3,-0.5634371535308087,-0.5548092981626075,2.169053700369523,False,0,1
143,1,3,-0.4099414808192953,-0.3579836578052201,2.8243506567983707,False,1,0
144,0,3,-0.7936806625980788,-0.5791087599351245,2.0476928433652555,True,0,1
145,0,2,-0.8704284989538355,-0.4636863165156689,2.5257286443082556,True,0,1
146,0,2,-0.7936806625980788,0.14987509324038437,3.6309854756950335,True,2,0
147,1,3,-0.17969797175202526,-0.5536963828134263,2.174274334826008,True,0,1
148,0,3,-1.5611590261556456,0.09216387153065658,3.5660053559634015,False,4,0
149,0,2,0.5494064736276633,-0.11134412081417297,3.295836866004329,True,2,0
150,0,2,0.9715195735843251,-0.42723712385689344,2.639057329615259,True,0,1
151,0,2,1.6622501007861352,-0.43877936819883906,2.6045398247325453,True,0,1
152,1,1,-0.5634371535308087,0.8752140271500155,4.213607983048918,False,1,0
153,0,3,2.0076153643870405,-0.5475194596308524,2.2027647577118348,True,0,1
154,0,3,0.85639781905069,-0.390787931198118,2.740840023925201,True,2,0
155,0,3,-0.10295013539626859,-0.5654403126880837,2.1177604059819726,True,0,1
156,0,1,1.6622501007861352,0.7483513971280591,4.133231886474144,True,1,0
157,1,3,-1.0239241716653489,-0.5552150991742085,2.167143305297764,False,0,1
158,0,3,0.0505455373152448,-0.5475194596308524,2.2027647577118348,True,0,1
159,0,3,-0.10295013539626859,-0.5326360392951858,2.2682524139135403,True,0,1
160,0,3,-0.10295013539626859,0.9468974393789407,4.256321678298823,True,10,0
161,0,3,1.1250152462958385,-0.3519087923620908,2.8390784635086144,True,1,0
162,1,2,0.8180239008728116,-0.3604136039824718,2.8183982582710754,False,0,1
163,0,3,-0.25644580810778195,-0.5542018116182946,2.1719067693519296,True,0,1
164,0,3,-0.9471763353095921,-0.5326360392951858,2.2682524139135403,True,0,1
165,0,3,-2.1751417170016993,0.22125476219715295,3.705920919968788,True,5,0
166,1,3,-1.5611590261556456,-0.24438367401870337,3.0692150503137943,True,2,0
167,1,1,-0.10295013539626859,0.5933402705888189,4.02535169073515,False,1,0
168,0,3,1.201763082651595,-0.06517514344639078,3.3638415951183864,False,5,0
169,0,1,-0.10295013539626859,-0.11316658044711173,3.2930552230424524,True,0,1
170,0,3,-0.10295013539626859,0.6296874055081498,4.051711901657239,True,0,1
171,0,1,2.429728464343702,0.07090184247970424,3.5409593240373143,True,0,1
172,0,3,-1.944898207934429,-0.035408302775057465,3.405355391810819,True,5,0
173,1,3,-2.1751417170016993,-0.4725969291476509,2.4959537387180646,False,2,0
174,0,3,-0.6401849898865654,-0.550556892352417,2.188856327665703,True,0,1
175,0,1,2.0459892825649186,0.0027612917772121427,3.4561841799918147,True,0,1
176,0,3,-0.8704284989538355,-0.5522772942459113,2.180891922715322,True,2,0
177,0,3,-0.10295013539626859,-0.12430302377745628,3.275887339030031,True,4,0
178,0,1,1.5855022644303787,-0.045431830756220745,3.391567832686312,False,0,1
179,0,2,0.0505455373152448,-0.42723712385689344,2.639057329615259,True,0,1
180,0,3,0.5110325554497849,-0.743130126899614,0.0,True,0,1
181,0,3,-0.10295013539626859,0.9468974393789407,4.256321678298823,False,10,0
182,0,2,-0.10295013539626859,-0.3774232272232337,2.775708849576025,True,0,1
183,0,3,-1.5611590261556456,0.019569229485262147,3.4777725458882283,True,6,0
184,1,2,-2.1751417170016993,0.20454888222854753,3.6888794541139363,True,3,0
185,1,3,-1.944898207934429,-0.20793448135992793,3.1365805821413706,False,2,0
186,0,1,-0.10295013539626859,0.47184296172623413,3.9318256327243257,True,0,1
187,1,3,-0.10295013539626859,-0.36648846942560104,2.803360380906535,False,1,0
188,1,1,1.201763082651595,-0.09797941683928862,3.3160025355989236,True,0,1
189,0,3,0.8180239008728116,-0.36648846942560104,2.803360380906535,True,2,0
190,0,3,0.5110325554497849,-0.5512664366361745,2.1855792552411137,True,0,1
191,1,2,0.20404121002675818,-0.42723712385689344,2.639057329615259,False,0,1
192,0,2,-0.7936806625980788,-0.42723712385689344,2.639057329615259,True,0,1
193,1,3,-0.7936806625980788,-0.5522772942459113,2.180891922715322,False,1,0
194,1,2,-2.021646044290186,-0.11134412081417297,3.295836866004329,True,2,0
195,1,1,1.1250152462958385,-0.06952960699602577,3.357621598945279,False,0,1
196,1,1,2.199484955276432,2.8172464515789897,4.993969182787072,False,0,1
197,0,3,-0.10295013539626859,-0.5548092981626075,2.169053700369523,True,0,1
198,0,3,0.9715195735843251,-0.5389125902710269,2.241156397997397,True,1,0
199,1,3,-0.10295013539626859,-0.5548092981626075,2.169053700369523,False,0,1
200,0,2,-0.4099414808192953,-0.42723712385689344,2.639057329615259,False,0,1
201,0,3,-0.10295013539626859,-0.5122852400607029,2.3513752571634776,True,0,1
202,0,3,-0.10295013539626859,0.9468974393789407,4.256321678298823,True,10,0
203,0,3,0.35753688273827156,-0.5852856831176984,2.0143428636837015,True,0,1
204,0,3,1.2401370008294734,-0.5675665155931788,2.1071782966514356,True,0,1
205,1,3,-0.8704284989538355,-0.5475194596308524,2.2027647577118348,True,0,1
206,0,3,-2.0983938806459426,-0.4888970081046553,2.4390808375825834,False,1,0
207,0,3,0.20404121002675818,-0.3579836578052201,2.8243506567983707,True,1,0
208,1,3,-0.25644580810778195,-0.2866039888484515,2.9850504252071306,True,0,1
209,1,3,-1.0239241716653489,-0.5548092981626075,2.169053700369523,False,0,1
210,1,1,0.8180239008728116,0.010153188048411841,3.4657359027997265,True,0,1
211,0,3,-0.4099414808192953,-0.5718189214033693,2.085672091430472,True,0,1
212,1,2,0.4342847190940282,-0.23284142967675778,3.091042453358316,False,0,1
213,0,3,-0.5634371535308087,-0.566959029048866,2.1102132003465894,True,0,1
214,0,2,0.0505455373152448,-0.42723712385689344,2.639057329615259,True,0,1
215,0,3,-0.10295013539626859,-0.5548092981626075,2.169053700369523,True,1,0
216,1,1,0.1272933736710015,2.009391405382245,4.738607824217808,False,1,0
217,1,3,-0.17969797175202526,-0.550556892352417,2.188856327665703,False,0,1
218,0,2,0.9715195735843251,-0.08704465904165601,3.332204510175204,True,1,0
219,1,1,0.20404121002675818,1.1107171208107185,4.347586575960343,False,0,1
220,0,2,0.0505455373152448,-0.48798577828818585,2.4423470353692043,True,0,1
221,1,3,-1.0239241716653489,-0.5475194596308524,2.2027647577118348,True,0,1
222,0,2,-0.17969797175202526,-0.42723712385689344,2.639057329615259,True,0,1
223,0,3,1.6622501007861352,-0.5475194596308524,2.2027647577118348,True,0,1
224,0,3,-0.10295013539626859,-0.5512664366361745,2.1855792552411137,True,0,1
225,1,1,0.6645282281612983,1.4438214326269125,4.51085950651685,True,1,0
226,0,3,-0.5634371535308087,-0.5159301593265804,2.336986519711378,True,0,1
227,1,2,-0.7936806625980788,-0.48798577828818585,2.4423470353692043,True,0,1
228,0,3,-0.6785589080644437,-0.566959029048866,2.1102132003465894,True,0,1
229,0,2,-0.8704284989538355,-0.42723712385689344,2.639057329615259,True,0,1
230,0,3,-0.10295013539626859,-0.12430302377745628,3.275887339030031,False,4,0
231,1,1,0.4342847190940282,1.2852674445612393,4.436455632600354,False,1,0
232,0,3,-0.02620229904051189,-0.5542018116182946,2.1719067693519296,True,0,1
233,0,2,2.276232791632189,-0.41508739297063496,2.6741486494265287,True,0,1
234,1,3,-1.8681503715786725,0.019569229485262147,3.4777725458882283,False,6,0
235,0,2,-0.4099414808192953,-0.48798577828818585,2.4423470353692043,True,0,1
236,0,3,-0.10295013539626859,-0.5596691905171108,2.145931282948669,False,0,1
237,0,2,1.1250152462958385,-0.11134412081417297,3.295836866004329,True,1,0
238,1,2,-1.6379068625114024,-0.10526925537104373,3.305053521109253,False,2,0
239,0,2,-0.7936806625980788,-0.48798577828818585,2.4423470353692043,True,0,1
240,0,2,0.28078904638251484,-0.4448542336419683,2.5858825671280026,True,0,1
241,0,3,-0.10295013539626859,-0.3919008465472993,2.737880811060884,False,1,0
242,1,3,-0.10295013539626859,-0.36648846942560104,2.803360380906535,False,1,0
243,0,2,-0.02620229904051189,-0.48798577828818585,2.4423470353692043,True,0,1
244,0,3,-0.5634371535308087,-0.5699964617704306,2.094945728215801,True,0,1
245,0,3,0.0505455373152448,-0.5675665155931788,2.1071782966514356,True,0,1
246,0,1,1.1250152462958385,1.4438214326269125,4.51085950651685,True,2,0
247,0,3,-0.33319364446353866,-0.5542018116182946,2.1719067693519296,False,0,1
248,1,2,-0.4099414808192953,-0.390787931198118,2.740840023925201,False,2,0
249,1,1,0.5877803918055416,0.5339086469855969,3.9806942251907276,True,2,0
250,0,2,1.8924936098534053,-0.11134412081417297,3.295836866004329,True,1,0
251,0,3,-0.10295013539626859,-0.566959029048866,2.1102132003465894,True,0,1
252,0,3,-0.02620229904051189,-0.4888970081046553,2.4390808375825834,False,2,0
253,0,1,2.506476300699459,-0.09797941683928862,3.3160025355989236,True,0,1
254,0,3,0.0505455373152448,-0.3519087923620908,2.8390784635086144,True,1,0
255,0,3,0.8947717372285684,-0.25197725582261493,3.0545906305603445,False,2,0
256,1,3,-0.02620229904051189,-0.3726653926081749,2.7878344138303452,False,2,0
257,1,1,-0.10295013539626859,1.1813872454837295,4.384523514872469,False,0,1
258,1,1,0.0505455373152448,1.3587733164231033,4.471638793363569,False,0,1
260,1,2,1.5855022644303787,-0.11134412081417297,3.295836866004329,False,1,0
261,0,3,-0.10295013539626859,-0.5548092981626075,2.169053700369523,True,0,1
262,1,3,-2.021646044290186,0.019569229485262147,3.4777725458882283,True,6,0
263,0,1,1.738997937141892,1.1923220032813622,4.390118804571218,True,2,0
264,0,1,0.8180239008728116,-0.743130126899614,0.0,True,0,1
265,0,3,-0.10295013539626859,-0.5548092981626075,2.169053700369523,False,0,1
266,0,2,0.5110325554497849,-0.48798577828818585,2.4423470353692043,True,0,1
267,0,3,-1.0239241716653489,0.22125476219715295,3.705920919968788,True,5,0
268,1,3,-0.33319364446353866,-0.5542018116182946,2.1719067693519296,True,1,0
269,1,1,2.199484955276432,2.9859260253652704,5.039951348430309,False,1,0
270,1,1,0.4342847190940282,2.5526860615307108,4.91730069488021,False,0,1
271,0,1,-0.10295013539626859,0.010153188048411841,3.4657359027997265,True,0,1
272,1,3,-0.33319364446353866,-0.743130126899614,0.0,True,0,1
273,1,2,0.8947717372285684,-0.2692906223355332,3.0204248861443626,False,1,0
274,0,1,0.5877803918055416,-0.021436112255860226,3.4242626545931514,True,1,0
275,1,3,-0.10295013539626859,-0.5548092981626075,2.169053700369523,False,0,1
276,1,1,2.5832241370552156,1.1512146038007949,4.368919865004903,False,1,0
277,0,3,1.201763082651595,-0.5548092981626075,2.169053700369523,False,0,1
278,0,2,-0.10295013539626859,-0.743130126899614,0.0,True,0,1
279,0,3,-1.714654698867159,-0.035408302775057465,3.405355391810819,True,5,0
280,1,3,0.4342847190940282,-0.25106602600614547,3.056356895370426,False,2,0
281,0,3,2.7367198097667287,-0.5548092981626075,2.169053700369523,True,0,1
282,0,3,-0.10295013539626859,-0.5522772942459113,2.180891922715322,True,0,1
283,0,3,-1.0239241716653489,-0.5122852400607029,2.3513752571634776,True,0,1
284,1,3,-0.7936806625980788,-0.5475194596308524,2.2027647577118348,True,0,1
285,0,1,-0.10295013539626859,-0.11134412081417297,3.295836866004329,True,0,1
286,0,3,0.28078904638251484,-0.5326360392951858,2.2682524139135403,True,0,1
287,1,3,0.0505455373152448,-0.5122852400607029,2.3513752571634776,True,0,1
288,0,3,-0.5634371535308087,-0.5512664366361745,2.1855792552411137,True,0,1
289,1,2,0.9715195735843251,-0.42723712385689344,2.639057329615259,True,0,1
290,1,3,-0.5634371535308087,-0.5548092981626075,2.169053700369523,False,0,1
291,1,1,-0.25644580810778195,1.1728824338633483,4.380149874661021,False,0,1
292,1,1,-0.7936806625980788,1.470045411771813,4.5226490762785785,False,1,0
293,0,2,0.5110325554497849,-0.4302745565784581,2.630088659632498,True,0,1
294,0,3,-0.4099414808192953,-0.5280798902128389,2.2874714551839976,False,0,1
295,0,3,-0.4099414808192953,-0.5512664366361745,2.1855792552411137,True,0,1
296,0,1,-0.10295013539626859,-0.06952960699602577,3.357621598945279,True,0,1
297,0,3,-0.44831539899717365,-0.5674644578537343,2.1076888046179385,True,0,1
298,0,1,-2.0983938806459426,2.939453304725332,5.027492411162679,False,3,0
299,1,1,-0.10295013539626859,-0.00199654283784664,3.449987545831587,True,0,1
300,1,1,1.5855022644303787,5.271492090603203,5.515526544247129,False,1,0
301,1,3,-0.10295013539626859,-0.5548092981626075,2.169053700369523,False,0,1
302,1,3,-0.10295013539626859,-0.17816764068859461,3.188416617383492,True,2,0
303,0,3,-0.7936806625980788,-0.743130126899614,0.0,True,0,1
304,1,2,-0.10295013539626859,-0.44303177400902943,2.5915163848462583,False,0,1
305,0,3,-0.10295013539626859,-0.5475194596308524,2.2027647577118348,True,0,1
306,1,1,-2.1812815439101594,2.939453304725332,5.027492411162679,True,3,0
307,1,1,-0.10295013539626859,1.9512743826609162,4.717456363787216,False,0,1
308,1,1,-0.9471763353095921,1.9030812601274834,4.699570861409576,False,1,0
309,0,2,0.0505455373152448,-0.1599430443592069,3.2188758248682006,True,1,0
310,1,1,0.0505455373152448,0.6402187922403587,4.0592215752427645,False,0,1
311,1,1,-0.4099414808192953,1.2775718050178833,4.432699549165613,False,0,1
312,1,1,-0.8704284989538355,5.632441155664523,5.5735788721243535,False,4,0
313,0,2,-0.25644580810778195,-0.11134412081417297,3.295836866004329,False,2,0
314,0,3,-0.10295013539626859,-0.5512664366361745,2.1855792552411137,True,0,1
315,0,2,1.0482674099400817,-0.10526925537104373,3.305053521109253,True,2,0
316,1,3,-0.25644580810778195,-0.5522772942459113,2.180891922715322,False,0,1
317,1,2,-0.4099414808192953,-0.11134412081417297,3.295836866004329,False,1,0
318,0,2,1.8924936098534053,-0.4029376620843765,2.70805020110221,True,0,1
319,1,1,0.1272933736710015,3.2630419473114087,5.11118445372147,False,2,0
320,1,1,0.8180239008728116,2.525147481503917,4.908971640319756,False,2,0
321,0,3,-0.5634371535308087,-0.566959029048866,2.1102132003465894,True,0,1
322,0,3,-0.17969797175202526,-0.5512664366361745,2.1855792552411137,True,0,1
323,1,2,0.0505455373152448,-0.44303177400902943,2.5915163848462583,False,0,1
324,1,2,-0.5634371535308087,-0.038445735496622085,3.4011973816621555,False,2,0
325,0,3,-0.10295013539626859,0.9468974393789407,4.256321678298823,True,10,0
326,1,1,0.5110325554497849,2.5526860615307108,4.91730069488021,False,0,1
327,0,3,2.429728464343702,-0.5915622340935394,1.9792758428991135,True,0,1
328,1,2,0.5110325554497849,-0.42723712385689344,2.639057329615259,False,0,1
329,1,3,0.1272933736710015,-0.24438367401870337,3.0692150503137943,False,2,0
330,1,1,-1.0239241716653489,0.6657332271015014,4.077184839375167,False,1,0
331,1,3,-0.10295013539626859,-0.17816764068859461,3.188416617383492,False,2,0
332,0,1,1.2401370008294734,-0.050595466382880566,3.3843902633457743,True,0,1
333,0,1,0.6645282281612983,2.9859260253652704,5.039951348430309,True,1,0
334,0,3,-1.0239241716653489,-0.30573981499430863,2.9444389791664403,True,2,0
335,1,1,-0.10295013539626859,2.504492938997278,4.902678819257608,False,1,0
336,0,3,-0.10295013539626859,-0.5512664366361745,2.1855792552411137,True,0,1
337,0,1,-0.02620229904051189,0.8752140271500155,4.213607983048918,True,1,0
338,1,1,0.8947717372285684,2.525147481503917,4.908971640319756,False,0,1
339,1,3,1.201763082651595,-0.5475194596308524,2.2027647577118348,True,0,1
340,0,1,1.201763082651595,0.11950076602473816,3.597312260588446,True,0,1
341,1,2,-2.0983938806459426,-0.11134412081417297,3.295836866004329,True,2,0
342,1,1,-0.4099414808192953,5.647628319272346,5.575949103146316,False,5,0
343,0,2,-0.10295013539626859,-0.42723712385689344,2.639057329615259,True,0,1
344,0,2,-0.33319364446353866,-0.42723712385689344,2.639057329615259,True,0,1
345,0,2,0.5110325554497849,-0.42723712385689344,2.639057329615259,True,0,1
346,1,2,-0.4099414808192953,-0.42723712385689344,2.639057329615259,False,0,1
347,1,2,0.8180239008728116,-0.42723712385689344,2.639057329615259,False,0,1
348,1,3,-0.10295013539626859,-0.3519087923620908,2.8390784635086144,False,1,0
349,1,3,-2.021646044290186,-0.3567686847165943,2.827313621929028,True,2,0
350,0,3,0.9715195735843251,-0.5326360392951858,2.2682524139135403,True,0,1
351,0,3,-0.48668931717505204,-0.5189675920481449,2.3248357019288655,True,0,1
352,0,1,-0.10295013539626859,0.10735103513847968,3.58351893845611,True,0,1
353,0,3,-1.1006720080211054,-0.5674644578537343,2.1076888046179385,True,2,0
354,0,3,-0.33319364446353866,-0.31059970734881204,2.9338568698359033,True,1,0
355,0,3,-0.10295013539626859,-0.5675665155931788,2.1071782966514356,True,0,1
356,0,3,-0.10295013539626859,-0.5122852400607029,2.3513752571634776,True,0,1
357,1,1,-0.5634371535308087,0.5933402705888189,4.02535169073515,False,1,0
358,0,2,0.6645282281612983,-0.42723712385689344,2.639057329615259,False,0,1
359,1,3,-0.10295013539626859,-0.5516698077015983,2.1837114628556327,False,0,1
360,1,3,-0.10295013539626859,-0.5516698077015983,2.1837114628556327,False,0,1
361,0,3,0.8180239008728116,-0.06517514344639078,3.3638415951183864,True,5,0
362,0,2,-0.02620229904051189,-0.06952960699602577,3.357621598945279,True,1,0
363,0,3,1.201763082651595,-0.3919008465472993,2.737880811060884,False,1,0
364,0,3,0.4342847190940282,-0.5718189214033693,2.085672091430472,True,0,1
365,0,3,-0.10295013539626859,-0.36648846942560104,2.803360380906535,True,1,0
366,0,3,0.0505455373152448,-0.566959029048866,2.1102132003465894,True,0,1
367,1,1,2.3529806279879453,1.0854043714822874,4.334017415487521,False,1,0
368,1,3,-0.10295013539626859,-0.5674644578537343,2.1076888046179385,False,0,1
369,1,3,-0.10295013539626859,-0.5548092981626075,2.169053700369523,False,0,1
370,1,1,-0.4099414808192953,0.9408225739358114,4.252771798816619,False,0,1
371,1,1,-0.33319364446353866,0.6040733428537396,4.0332082470129285,True,1,0
372,0,3,-0.8704284989538355,-0.5852856831176984,2.0143428636837015,True,1,0
373,0,3,-0.7936806625980788,-0.5475194596308524,2.2027647577118348,True,0,1
374,0,1,-0.5634371535308087,2.5526860615307108,4.91730069488021,True,0,1
375,0,3,-2.021646044290186,-0.23101897004381902,3.094445746490024,False,4,0
376,1,1,-0.10295013539626859,1.2535760865175227,4.420896324687287,False,1,0
377,1,3,-0.5634371535308087,-0.566959029048866,2.1102132003465894,False,0,1
378,0,1,-0.17969797175202526,4.3962060379877235,5.358941988364472,True,2,0
379,0,3,-0.7169328262423221,-0.6456285365373897,1.6119347926326877,True,0,1
380,0,3,-0.7936806625980788,-0.5542018116182946,2.1719067693519296,True,0,1
381,1,1,0.9715195735843251,4.785604912892309,5.4316456135398825,False,0,1
382,1,3,-2.1751417170016993,-0.36061528951518373,2.817902613071225,False,2,0
383,0,3,0.20404121002675818,-0.550556892352417,2.188856327665703,True,0,1
384,1,1,0.4342847190940282,0.520441885271268,3.970291913552122,False,1,0
385,0,3,-0.10295013539626859,-0.5512664366361745,2.1855792552411137,True,0,1
386,0,2,-0.8704284989538355,1.0428803133803828,4.310799125385514,True,0,1
387,0,3,-2.1751417170016993,0.3965146302314315,3.8691155044168695,True,7,0
388,1,2,0.5110325554497849,-0.42723712385689344,2.639057329615259,False,0,1
389,0,3,-0.10295013539626859,-0.5553147269674759,2.1666737276227077,True,0,1
390,1,2,-0.9471763353095921,-0.4515365856294104,2.5649493574615367,False,0,1
391,1,1,0.5110325554497849,2.1728052858024216,4.795790545596741,True,3,0
392,1,3,-0.6401849898865654,-0.5536963828134263,2.174274334826008,True,0,1
393,0,3,-0.10295013539626859,-0.550556892352417,2.188856327665703,True,2,0
394,1,1,-0.48668931717505204,2.009391405382245,4.738607824217808,False,1,0
395,1,3,-0.4099414808192953,-0.33732911529858073,2.8735646395797834,False,2,0
396,0,3,-0.5634371535308087,-0.5536963828134263,2.174274334826008,True,0,1
397,0,3,0.1272933736710015,-0.5522772942459113,2.180891922715322,False,0,1
398,0,2,1.2785109190073518,-0.11134412081417297,3.295836866004329,True,0,1
399,0,2,-0.48668931717505204,-0.48798577828818585,2.4423470353692043,True,0,1
400,1,2,-0.10295013539626859,-0.4357419354772744,2.613739521630969,False,0,1
401,1,3,0.741276064517055,-0.550556892352417,2.188856327665703,True,0,1
402,0,3,-0.25644580810778195,-0.5475194596308524,2.2027647577118348,True,0,1
403,0,3,-0.6401849898865654,-0.5043879149846349,2.3818582738885534,False,1,0
404,0,3,-0.10295013539626859,-0.3579836578052201,2.8243506567983707,True,1,0
405,0,3,-0.7169328262423221,-0.5326360392951858,2.2682524139135403,False,0,1
406,0,2,0.35753688273827156,-0.23284142967675778,3.091042453358316,True,1,0
407,0,3,1.6622501007861352,-0.5548092981626075,2.169053700369523,True,0,1
408,1,2,-2.021646044290186,-0.2875152186649209,2.9831534913471307,True,2,0
409,0,3,-0.6401849898865654,-0.5542018116182946,2.1719067693519296,True,0,1
410,0,3,-0.10295013539626859,-0.12430302377745628,3.275887339030031,False,4,0
411,0,3,-0.10295013539626859,-0.5512664366361745,2.1855792552411137,True,0,1
412,0,3,-0.10295013539626859,-0.5764771282251608,2.061570298060867,True,0,1
413,1,1,0.28078904638251484,1.4438214326269125,4.51085950651685,False,1,0
414,0,2,-0.10295013539626859,-0.743130126899614,0.0,True,0,1
415,1,3,1.1250152462958385,-0.550556892352417,2.188856327665703,True,0,1
416,0,3,-0.10295013539626859,-0.5475194596308524,2.2027647577118348,False,0,1
417,1,2,0.35753688273827156,0.04660238070718728,3.5115454388310208,False,2,0
418,1,2,-0.8704284989538355,-0.42723712385689344,2.639057329615259,False,2,0
419,0,2,0.0505455373152448,-0.42723712385689344,2.639057329615259,True,0,1
420,0,3,-1.484411189799889,-0.15629812509332938,3.224857896545748,False,2,0
421,0,3,-0.10295013539626859,-0.5512664366361745,2.1855792552411137,True,0,1
422,0,3,-0.6401849898865654,-0.5552150991742085,2.167143305297764,True,0,1
423,0,3,-0.02620229904051189,-0.5517718654410428,2.1832383353614793,True,0,1
424,0,3,-0.10295013539626859,-0.39321787737536973,2.7343675094195836,False,2,0
425,0,3,-0.8704284989538355,-0.25197725582261493,3.0545906305603445,True,2,0
426,0,3,-0.10295013539626859,-0.566959029048866,2.1102132003465894,True,0,1
427,1,2,-0.10295013539626859,-0.11134412081417297,3.295836866004329,False,1,0
428,1,2,-0.7936806625980788,-0.11134412081417297,3.295836866004329,False,0,1
429,0,3,-0.10295013539626859,-0.5548092981626075,2.169053700369523,True,0,1
430,1,3,0.20404121002675818,-0.5475194596308524,2.2027647577118348,True,0,1
431,1,1,-0.10295013539626859,-0.09797941683928862,3.3160025355989236,True,0,1
432,1,3,-0.10295013539626859,-0.3519087923620908,2.8390784635086144,False,1,0
433,1,2,0.9715195735843251,-0.11134412081417297,3.295836866004329,False,1,0
434,0,3,-0.9471763353095921,-0.5699964617704306,2.094945728215801,True,0,1
435,0,1,1.5855022644303787,0.6152097861840842,4.041295341132285,True,1,0
436,1,1,-1.1774198443768622,2.1728052858024216,4.795790545596741,False,3,0
437,0,3,-0.6401849898865654,0.09216387153065658,3.5660053559634015,False,4,0
438,1,2,-0.4099414808192953,-0.2875152186649209,2.9831534913471307,False,5,0
439,0,1,2.6599719734109724,5.647628319272346,5.575949103146316,True,5,0
440,0,2,0.1272933736710015,-0.48798577828818585,2.4423470353692043,True,0,1
441,1,2,1.201763082651595,-0.10526925537104373,3.305053521109253,False,2,0
442,0,3,-0.7169328262423221,-0.5122852400607029,2.3513752571634776,True,0,1
443,0,3,-0.33319364446353866,-0.5542018116182946,2.1719067693519296,True,1,0
444,1,2,-0.10295013539626859,-0.42723712385689344,2.639057329615259,False,0,1
445,1,3,-0.10295013539626859,-0.5460007432700701,2.2096470973347766,True,0,1
446,1,1,-1.944898207934429,1.2459825047136113,4.417131919904876,True,2,0
447,1,2,-1.254167680732619,-0.2692906223355332,3.0204248861443626,False,1,0
448,1,1,0.35753688273827156,-0.09797941683928862,3.3160025355989236,True,0,1
449,1,3,-1.8681503715786725,-0.2751638022459506,3.0085645861193133,False,3,0
450,1,1,1.738997937141892,-0.00199654283784664,3.449987545831587,True,0,1
451,0,2,0.5110325554497849,-0.06882006271226829,3.3586377672433594,True,3,0
452,0,3,-0.10295013539626859,-0.25795006352629957,3.0429354648621407,True,1,0
453,0,1,0.0505455373152448,-0.06882006271226829,3.3586377672433594,True,0,1
454,1,1,1.508754428074622,1.422053974771092,4.500966778400217,True,1,0
455,0,3,-0.10295013539626859,-0.5475194596308524,2.2027647577118348,True,0,1
456,1,3,-0.02620229904051189,-0.5512664366361745,2.1855792552411137,True,0,1
457,0,1,2.7367198097667287,-0.09797941683928862,3.3160025355989236,True,0,1
458,1,1,-0.10295013539626859,0.5171007092775469,3.967694202798607,False,1,0
459,1,2,1.5855022644303787,-0.48798577828818585,2.4423470353692043,False,0,1
460,0,3,-0.10295013539626859,-0.5548092981626075,2.169053700369523,True,0,1
461,1,1,1.4320065917188651,-0.09797941683928862,3.3160025355989236,True,0,1
462,0,3,0.35753688273827156,-0.5475194596308524,2.2027647577118348,True,0,1
463,0,1,1.3552587553631086,0.19239915134228905,3.676300671907076,True,0,1
464,0,2,1.4320065917188651,-0.42723712385689344,2.639057329615259,True,0,1
465,0,3,-0.10295013539626859,-0.5475194596308524,2.2027647577118348,True,0,1
466,0,3,0.6645282281612983,-0.5718189214033693,2.085672091430472,True,0,1
467,0,2,-0.10295013539626859,-0.743130126899614,0.0,True,0,1
468,0,1,2.0459892825649186,-0.09797941683928862,3.3160025355989236,True,0,1
469,0,3,-0.10295013539626859,-0.5554167847069204,2.1661924680884908,True,0,1
470,1,3,-2.194328676090638,-0.2751638022459506,3.0085645861193133,False,3,0
471,0,3,-0.10295013539626859,-0.566959029048866,2.1102132003465894,True,0,1
472,0,3,0.6645282281612983,-0.5326360392951858,2.2682524139135403,True,0,1
473,1,2,0.28078904638251484,-0.06882006271226829,3.3586377672433594,False,3,0
474,1,2,-0.48668931717505204,-0.4079992399715918,2.694066212646058,False,0,1
475,0,3,-0.5634371535308087,-0.5040841717124784,2.3830123421066602,False,0,1
476,0,1,-0.10295013539626859,0.520441885271268,3.970291913552122,True,0,1
477,0,2,0.35753688273827156,-0.23284142967675778,3.091042453358316,True,1,0
478,0,3,-0.02620229904051189,-0.5719209791428139,2.0851502161468174,True,1,0
479,0,3,-0.5634371535308087,-0.5603787348008684,2.142510233146819,True,0,1
480,1,3,-2.0983938806459426,-0.44455049036981176,2.586823743668066,False,1,0
481,0,3,-1.5611590261556456,0.3965146302314315,3.8691155044168695,True,7,0
482,0,2,-0.10295013539626859,-0.743130126899614,0.0,True,0,1
483,0,3,1.5855022644303787,-0.5475194596308524,2.2027647577118348,True,0,1
484,1,3,2.5832241370552156,-0.5101590371556076,2.3596740599781727,False,0,1
485,1,1,-0.33319364446353866,1.470045411771813,4.5226490762785785,True,1,0
486,0,3,-0.10295013539626859,-0.12430302377745628,3.275887339030031,False,4,0
487,1,1,0.4342847190940282,1.4438214326269125,4.51085950651685,False,1,0
488,0,1,2.199484955276432,-0.021436112255860226,3.4242626545931514,True,0,1
489,0,3,0.0505455373152448,-0.5475194596308524,2.2027647577118348,True,0,1
490,1,3,-1.5611590261556456,-0.3567686847165943,2.827313621929028,True,2,0
491,0,3,-0.10295013539626859,-0.25795006352629957,3.0429354648621407,True,1,0
492,0,3,-0.6401849898865654,-0.566959029048866,2.1102132003465894,True,0,1
493,0,1,1.969241446209162,-0.00199654283784664,3.449987545831587,True,0,1
494,0,1,3.197206827901269,0.45979528857942015,3.922056501139853,True,0,1
495,0,3,-0.6401849898865654,-0.5475194596308524,2.2027647577118348,True,0,1
496,0,3,-0.10295013539626859,-0.39180121875403195,2.738146075922933,True,0,1
497,1,1,1.8924936098534053,1.1587085578114393,4.37281811610993,False,1,0
498,0,3,-0.10295013539626859,-0.37620825413460784,2.7788192719904172,True,0,1
499,0,1,-0.33319364446353866,2.939453304725332,5.027492411162679,False,3,0
500,0,3,-0.4099414808192953,-0.5536963828134263,2.174274334826008,True,0,1
501,0,3,-0.9471763353095921,-0.5326360392951858,2.2682524139135403,True,0,1
502,0,3,-0.6401849898865654,-0.5548092981626075,2.169053700369523,False,0,1
503,0,3,-0.10295013539626859,-0.5577446731447275,2.155151800914312,False,0,1
504,0,3,0.5877803918055416,-0.5101590371556076,2.3596740599781727,False,0,1
505,1,1,-1.0239241716653489,1.3587733164231033,4.471638793363569,False,0,1
506,0,1,-0.8704284989538355,1.9030812601274834,4.699570861409576,True,1,0
507,1,2,0.28078904638251484,-0.11134412081417297,3.295836866004329,False,2,0
508,1,1,-0.10295013539626859,-0.09797941683928862,3.3160025355989236,True,0,1
509,0,3,-0.10295013539626859,-0.19578475047366944,3.1580636854714434,True,0,1
510,1,3,-0.25644580810778195,0.6296874055081498,4.051711901657239,True,0,1
511,1,3,-0.02620229904051189,-0.5548092981626075,2.169053700369523,True,0,1
512,0,3,-0.10295013539626859,-0.5475194596308524,2.2027647577118348,True,0,1
513,1,1,0.5110325554497849,-0.10435802555457431,3.3064287218760624,True,0,1
514,1,1,1.8924936098534053,0.7002579023878935,4.100989104940769,False,1,0
515,0,3,-0.4099414808192953,-0.5609862213451814,2.139571923732859,True,0,1
516,0,1,1.3552587553631086,0.0835570021708311,3.5559421706858756,True,0,1
517,1,2,0.35753688273827156,-0.48798577828818585,2.4423470353692043,False,0,1
518,0,3,-0.10295013539626859,-0.15629812509332938,3.224857896545748,True,0,1
519,1,2,0.5110325554497849,-0.11134412081417297,3.295836866004329,False,1,0
520,0,3,0.20404121002675818,-0.5512664366361745,2.1855792552411137,True,0,1
521,1,1,0.0505455373152448,1.528869548830722,4.548599834499697,False,0,1
522,0,3,-0.5634371535308087,-0.5512664366361745,2.1855792552411137,True,0,1
523,0,3,-0.10295013539626859,-0.5675665155931788,2.1071782966514356,True,0,1
524,1,1,1.1250152462958385,0.6657332271015014,4.077184839375167,False,1,0
525,0,3,-0.10295013539626859,-0.5674644578537343,2.1076888046179385,True,0,1
526,0,3,0.85639781905069,-0.5548092981626075,2.169053700369523,True,0,1
527,1,2,1.5855022644303787,-0.48798577828818585,2.4423470353692043,False,0,1
528,0,1,-0.10295013539626859,4.645985065439779,5.406181146423973,True,0,1
529,0,3,0.741276064517055,-0.550556892352417,2.188856327665703,True,0,1
530,0,2,-0.48668931717505204,-0.4636863165156689,2.5257286443082556,True,3,0
531,1,2,-2.0983938806459426,-0.11134412081417297,3.295836866004329,False,2,0
532,0,3,-0.10295013539626859,-0.5674644578537343,2.1076888046179385,True,0,1
533,0,3,-0.9471763353095921,-0.5674644578537343,2.1076888046179385,True,2,0
534,1,3,-0.10295013539626859,-0.199835470751148,3.1509523813392697,False,2,0
535,0,3,0.0505455373152448,-0.5326360392951858,2.2682524139135403,False,0,1
536,1,2,-1.714654698867159,-0.10526925537104373,3.305053521109253,False,2,0
537,0,1,1.201763082651595,-0.09797941683928862,3.3160025355989236,True,0,1
538,1,1,0.0505455373152448,1.8429400922405037,4.676792929661059,False,0,1
539,0,3,-0.10295013539626859,-0.390787931198118,2.740840023925201,True,0,1
540,1,1,-0.5634371535308087,0.45969323083997565,3.9219733362813143,False,2,0
541,1,1,0.5110325554497849,0.9821316589490903,4.276666119016055,False,2,0
542,0,3,-1.5611590261556456,0.016835540035853972,3.4742929367327062,False,6,0
543,0,3,-1.4076633534441323,0.016835540035853972,3.4742929367327062,False,6,0
544,1,2,0.20404121002675818,-0.11134412081417297,3.295836866004329,True,1,0
545,0,1,1.5855022644303787,1.8429400922405037,4.676792929661059,True,1,0
546,0,1,2.6599719734109724,-0.11134412081417297,3.295836866004329,True,0,1
547,1,2,-0.7936806625980788,-0.11134412081417297,3.295836866004329,False,1,0
548,1,2,-0.10295013539626859,-0.40627883807809756,2.6988412620169004,True,0,1
549,0,3,0.28078904638251484,-0.24438367401870337,3.0692150503137943,True,2,0
550,1,2,-1.6379068625114024,0.14987509324038437,3.6309854756950335,True,2,0
551,1,1,-0.9471763353095921,1.9512743826609162,4.717456363787216,True,2,0
552,0,2,-0.17969797175202526,-0.11134412081417297,3.295836866004329,True,0,1
553,0,3,-0.10295013539626859,-0.5528847807902242,2.17806441028492,True,0,1
554,1,3,-0.5634371535308087,-0.5675665155931788,2.1071782966514356,True,0,1
555,1,3,-0.5634371535308087,-0.5542018116182946,2.1719067693519296,False,0,1
556,0,1,2.506476300699459,-0.09797941683928862,3.3160025355989236,True,0,1
557,1,1,1.4320065917188651,0.21912855929205774,3.703768066607687,False,1,0
558,0,1,-0.10295013539626859,4.785604912892309,5.4316456135398825,True,0,1
559,1,1,0.741276064517055,1.1923220032813622,4.390118804571218,False,2,0
560,1,3,0.5110325554497849,-0.32031949205781884,2.91235066461494,False,1,0
561,0,3,-0.10295013539626859,-0.5548092981626075,2.169053700369523,True,0,1
562,0,3,0.8180239008728116,-0.5512664366361745,2.1855792552411137,True,0,1
563,0,2,-0.10295013539626859,-0.41508739297063496,2.6741486494265287,True,0,1
564,0,3,-0.10295013539626859,-0.5475194596308524,2.2027647577118348,True,0,1
565,0,3,-0.10295013539626859,-0.5475194596308524,2.2027647577118348,False,0,1
566,0,3,-0.4099414808192953,-0.15629812509332938,3.224857896545748,True,2,0
567,0,3,-0.7936806625980788,-0.5512664366361745,2.1855792552411137,True,0,1
568,0,3,-0.02620229904051189,-0.23101897004381902,3.094445746490024,False,4,0
569,0,3,-0.10295013539626859,-0.5674644578537343,2.1076888046179385,True,0,1
570,1,3,0.20404121002675818,-0.5522772942459113,2.180891922715322,True,0,1
571,1,2,2.506476300699459,-0.48798577828818585,2.4423470353692043,True,0,1
572,1,1,1.8157457734976485,0.5077867255801412,3.960416900617205,False,2,0
573,1,1,0.5110325554497849,-0.10192807937732266,3.3100867049215847,True,0,1
574,1,3,-0.10295013539626859,-0.5548092981626075,2.169053700369523,False,0,1
575,0,3,-1.0239241716653489,-0.5475194596308524,2.2027647577118348,True,0,1
576,0,3,-0.7936806625980788,-0.390787931198118,2.740840023925201,True,0,1
577,1,2,0.35753688273827156,-0.42723712385689344,2.639057329615259,False,0,1
578,1,1,0.741276064517055,0.6152097861840842,4.041295341132285,False,1,0
579,0,3,-0.10295013539626859,-0.39180121875403195,2.738146075922933,False,1,0
580,1,3,0.20404121002675818,-0.550556892352417,2.188856327665703,True,0,1
581,1,2,-0.33319364446353866,-0.01414627372410512,3.4339872044851463,False,2,0
582,1,1,0.741276064517055,1.9512743826609162,4.717456363787216,False,2,0
583,0,2,1.8924936098534053,-0.11134412081417297,3.295836866004329,True,0,1
584,0,1,0.5110325554497849,0.2318857767226291,3.716616209085536,True,0,1
585,0,3,-0.10295013539626859,-0.5314210662065599,2.2734137156937657,True,0,1
586,1,1,-0.8704284989538355,1.1923220032813622,4.390118804571218,False,2,0
587,0,2,1.3552587553631086,-0.3786382003118595,2.772588722239781,True,0,1
588,1,1,2.3529806279879453,1.1813872454837295,4.384523514872469,True,2,0
589,0,3,-0.5634371535308087,-0.5475194596308524,2.2027647577118348,True,0,1
590,0,3,-0.10295013539626859,-0.5475194596308524,2.2027647577118348,True,0,1
591,0,3,0.4342847190940282,-0.5699964617704306,2.094945728215801,True,0,1
592,1,1,1.738997937141892,1.1587085578114393,4.37281811610993,False,1,0
593,0,3,1.3552587553631086,-0.566959029048866,2.1102132003465894,True,0,1
594,0,3,-0.10295013539626859,-0.5548092981626075,2.169053700369523,False,2,0
595,0,2,0.5877803918055416,-0.11134412081417297,3.295836866004329,True,1,0
596,0,3,0.5110325554497849,-0.15629812509332938,3.224857896545748,True,2,0
597,1,2,-0.10295013539626859,0.05875211159344576,3.5263605246161616,False,0,1
598,0,3,1.508754428074622,-0.743130126899614,0.0,True,0,1
599,0,3,-0.10295013539626859,-0.5675665155931788,2.1071782966514356,True,0,1
600,1,1,1.508754428074622,0.6402187922403587,4.0592215752427645,True,1,0
601,1,2,-0.4099414808192953,-0.08704465904165601,3.332204510175204,False,3,0
602,0,3,-0.10295013539626859,-0.5512664366361745,2.1855792552411137,True,0,1
603,0,1,-0.10295013539626859,0.2871670522551052,3.770459441106359,True,0,1
604,0,3,1.1250152462958385,-0.5475194596308524,2.2027647577118348,True,0,1
605,1,1,0.4342847190940282,-0.09797941683928862,3.3160025355989236,True,0,1
606,0,3,0.5110325554497849,-0.3652734963369752,2.806386101823072,True,1,0
607,0,3,0.0505455373152448,-0.5512664366361745,2.1855792552411137,True,0,1
608,1,1,-0.17969797175202526,-0.00199654283784664,3.449987545831587,True,0,1
609,1,2,-0.5634371535308087,0.26722205403222327,3.7513658711253766,False,3,0
610,1,1,0.8180239008728116,2.9859260253652704,5.039951348430309,False,0,1
611,0,3,0.741276064517055,0.016835540035853972,3.4742929367327062,False,6,0
612,0,3,-0.10295013539626859,-0.5718189214033693,2.085672091430472,True,0,1
613,1,3,-0.10295013539626859,-0.36648846942560104,2.803360380906535,False,1,0
614,0,3,-0.10295013539626859,-0.5548092981626075,2.169053700369523,True,0,1
615,0,3,0.4342847190940282,-0.5475194596308524,2.2027647577118348,True,0,1
616,1,2,-0.4099414808192953,0.8363348883139885,4.189654742026425,False,3,0
617,0,3,0.35753688273827156,-0.39321787737536973,2.7343675094195836,True,2,0
618,0,3,-0.25644580810778195,-0.3519087923620908,2.8390784635086144,False,1,0
619,1,2,-1.944898207934429,0.20454888222854753,3.6888794541139363,False,3,0
620,0,2,-0.25644580810778195,-0.48798577828818585,2.4423470353692043,True,0,1
621,0,3,-0.17969797175202526,-0.3919008465472993,2.737880811060884,True,1,0
622,1,1,0.9715195735843251,0.5339086469855969,3.9806942251907276,True,1,0
623,1,3,-0.7169328262423221,-0.36061528951518373,2.817902613071225,True,2,0
624,0,3,-0.6401849898865654,-0.5522772942459113,2.180891922715322,True,0,1
625,0,3,-0.6401849898865654,-0.3519087923620908,2.8390784635086144,True,0,1
626,0,1,2.429728464343702,0.0422479171575522,3.5061818266142577,True,0,1
627,0,2,2.1227371189206754,-0.44303177400902943,2.5915163848462583,True,0,1
628,1,1,-0.6401849898865654,1.1512146038007949,4.368919865004903,False,0,1
629,0,3,-0.25644580810778195,-0.5512664366361745,2.1855792552411137,True,0,1
630,0,3,-0.10295013539626859,-0.5552150991742085,2.167143305297764,True,0,1
631,1,1,3.8879373551030794,-0.01414627372410512,3.4339872044851463,True,0,1
632,0,3,1.6622501007861352,-0.5717168636639248,2.086193694502369,True,0,1
633,1,1,0.20404121002675818,-0.00199654283784664,3.449987545831587,True,0,1
634,0,1,-0.10295013539626859,-0.743130126899614,0.0,True,0,1
635,0,3,-1.5611590261556456,-0.06517514344639078,3.3638415951183864,False,5,0
636,1,2,-0.10295013539626859,-0.42723712385689344,2.639057329615259,False,0,1
637,0,3,0.20404121002675818,-0.550556892352417,2.188856327665703,True,0,1
638,0,2,0.1272933736710015,-0.10526925537104373,3.305053521109253,True,2,0
639,0,3,0.8947717372285684,0.22125476219715295,3.705920919968788,False,5,0
640,0,3,-0.10295013539626859,-0.3519087923620908,2.8390784635086144,True,1,0
641,0,3,-0.7169328262423221,-0.5522772942459113,2.180891922715322,True,0,1
642,1,1,-0.4099414808192953,0.9408225739358114,4.252771798816619,False,0,1
643,0,3,-2.0983938806459426,-0.06517514344639078,3.3638415951183864,False,5,0
644,1,3,-0.10295013539626859,0.6296874055081498,4.051711901657239,True,0,1
645,1,3,-2.194328676090638,-0.2751638022459506,3.0085645861193133,False,3,0
646,1,1,1.4320065917188651,1.1213481353361947,4.353230991152628,True,1,0
647,0,3,-0.7936806625980788,-0.5512664366361745,2.1855792552411137,True,0,1
648,1,1,2.0459892825649186,0.11950076602473816,3.597312260588446,True,0,1
649,0,3,-0.10295013539626859,-0.5596691905171108,2.145931282948669,True,0,1
650,1,3,-0.48668931717505204,-0.5596691905171108,2.145931282948669,False,0,1
651,0,3,-0.10295013539626859,-0.5512664366361745,2.1855792552411137,True,0,1
652,1,2,-0.8704284989538355,-0.18424250613172385,3.1780538303479458,False,1,0
653,0,3,-0.6401849898865654,-0.5382054759334467,2.2442459824059346,True,0,1
654,1,3,-0.10295013539626859,-0.5528847807902242,2.17806441028492,False,0,1
655,0,3,-0.8704284989538355,-0.5791087599351245,2.0476928433652555,False,0,1
656,0,2,-0.4099414808192953,1.0428803133803828,4.310799125385514,True,2,0
657,0,3,-0.10295013539626859,-0.5512664366361745,2.1855792552411137,True,0,1
658,0,3,0.20404121002675818,-0.36648846942560104,2.803360380906535,False,2,0
659,0,2,-0.48668931717505204,-0.42723712385689344,2.639057329615259,True,0,1
660,0,1,2.199484955276432,2.009391405382245,4.738607824217808,True,2,0
661,1,1,1.5855022644303787,2.504492938997278,4.902678819257608,True,2,0
662,0,3,0.8180239008728116,-0.5675665155931788,2.1071782966514356,True,0,1
663,0,1,1.3552587553631086,-0.12136764879533625,3.2804411805263554,True,0,1
664,0,3,0.5110325554497849,-0.5609862213451814,2.139571923732859,True,0,1
665,1,3,-0.7169328262423221,-0.550556892352417,2.188856327665703,True,1,0
666,0,2,0.20404121002675818,1.0428803133803828,4.310799125385514,True,2,0
667,0,2,-0.33319364446353866,-0.42723712385689344,2.639057329615259,True,0,1
668,0,3,-0.10295013539626859,-0.5542018116182946,2.1719067693519296,True,0,1
669,0,3,1.0482674099400817,-0.5475194596308524,2.2027647577118348,True,0,1
670,1,1,-0.10295013539626859,0.520441885271268,3.970291913552122,False,1,0
671,1,2,0.8180239008728116,0.20454888222854753,3.6888794541139363,False,2,0
672,0,1,0.1272933736710015,0.520441885271268,3.970291913552122,True,1,0
673,0,2,3.1204589915455125,-0.48798577828818585,2.4423470353692043,True,0,1
674,1,2,0.1272933736710015,-0.42723712385689344,2.639057329615259,True,0,1
675,0,2,-0.10295013539626859,-0.743130126899614,0.0,True,0,1
676,0,3,-0.8704284989538355,-0.5542018116182946,2.1719067693519296,True,0,1
677,0,3,-0.371567562641417,-0.5475194596308524,2.2027647577118348,True,0,1
678,1,3,-0.8704284989538355,-0.5039821139730338,2.3833998102837652,False,0,1
679,0,3,1.0482674099400817,0.3965146302314315,3.8691155044168695,False,7,0
681,0,3,-0.10295013539626859,-0.5453932567257572,2.212386825075897,False,0,1
682,1,1,-0.17969797175202526,1.1213481353361947,4.353230991152628,True,0,1
683,0,3,-0.7169328262423221,-0.5189675920481449,2.3248357019288655,True,0,1
684,0,3,-1.1774198443768622,0.3965146302314315,3.8691155044168695,True,7,0
685,0,2,2.3529806279879453,0.20454888222854753,3.6888794541139363,True,2,0
686,0,2,-0.33319364446353866,0.26722205403222327,3.7513658711253766,True,3,0
687,0,3,-1.1774198443768622,0.22125476219715295,3.705920919968788,True,5,0
688,0,3,-0.7936806625980788,-0.49598516110369845,2.4133032309283076,True,0,1
689,0,3,-0.8704284989538355,-0.5536963828134263,2.174274334826008,True,0,1
690,1,1,-1.1006720080211054,4.39225737544969,5.35817698994543,False,1,0
691,1,1,0.1272933736710015,0.6419391941338528,4.060443010546419,True,1,0
692,1,3,-1.944898207934429,-0.41711153813628565,2.668387256845834,False,1,0
693,1,3,-0.10295013539626859,0.6296874055081498,4.051711901657239,True,0,1
694,0,3,-0.33319364446353866,-0.5675665155931788,2.1071782966514356,True,0,1
695,0,1,2.3529806279879453,-0.09797941683928862,3.3160025355989236,True,0,1
696,0,2,1.738997937141892,-0.41508739297063496,2.6741486494265287,True,0,1
697,0,3,1.1250152462958385,-0.5475194596308524,2.2027647577118348,True,0,1
698,1,3,-0.10295013539626859,-0.5552150991742085,2.167143305297764,False,0,1
699,0,1,1.508754428074622,1.9512743826609162,4.717456363787216,True,2,0
700,0,3,0.9715195735843251,-0.5572392443398593,2.157559320943788,True,0,1
701,1,1,-0.8704284989538355,4.785604912892309,5.4316456135398825,False,1,0
702,1,1,0.4342847190940282,-0.10435802555457431,3.3064287218760624,True,0,1
703,0,3,-0.8704284989538355,-0.3919008465472993,2.737880811060884,False,1,0
704,0,3,-0.33319364446353866,-0.5550109836953193,2.1681046787623672,True,0,1
705,0,3,-0.25644580810778195,-0.5522772942459113,2.180891922715322,True,1,0
706,0,2,0.741276064517055,-0.11134412081417297,3.295836866004329,True,0,1
707,1,2,1.201763082651595,-0.41508739297063496,2.6741486494265287,False,0,1
708,1,1,0.9715195735843251,-0.10435802555457431,3.3064287218760624,True,0,1
709,1,1,-0.5634371535308087,2.939453304725332,5.027492411162679,False,0,1
710,1,3,-0.10295013539626859,-0.3726653926081749,2.7878344138303452,True,2,0
711,1,1,-0.4099414808192953,0.45979528857942015,3.922056501139853,False,0,1
712,0,1,-0.10295013539626859,-0.09797941683928862,3.3160025355989236,True,0,1
713,1,1,1.4320065917188651,0.520441885271268,3.970291913552122,True,1,0
714,0,3,-0.02620229904051189,-0.5126910410723039,2.3497835148230464,True,0,1
715,0,2,1.738997937141892,-0.42723712385689344,2.639057329615259,True,0,1
716,0,3,-0.7936806625980788,-0.5572392443398593,2.157559320943788,True,0,1
717,1,1,0.6645282281612983,4.785604912892309,5.4316456135398825,False,0,1
718,1,2,-0.17969797175202526,-0.48798577828818585,2.4423470353692043,False,0,1
719,0,3,-0.10295013539626859,-0.36648846942560104,2.803360380906535,True,0,1
720,0,3,0.28078904638251484,-0.5542018116182946,2.1719067693519296,True,0,1
721,1,2,-1.7914025352229157,0.05875211159344576,3.5263605246161616,False,1,0
722,0,3,-0.9471763353095921,-0.5717168636639248,2.086193694502369,True,1,0
723,0,2,0.35753688273827156,-0.42723712385689344,2.639057329615259,True,0,1
724,0,2,1.5855022644303787,-0.42723712385689344,2.639057329615259,True,0,1
725,1,1,-0.17969797175202526,0.5471712932210367,3.9908341858524357,True,1,0
726,0,3,-0.7169328262423221,-0.5326360392951858,2.2682524139135403,True,0,1
727,1,2,0.0505455373152448,-0.23284142967675778,3.091042453358316,False,3,0
728,1,3,-0.10295013539626859,-0.5551130414347639,2.1676241075599285,False,0,1
729,0,2,-0.33319364446353866,-0.11134412081417297,3.295836866004329,True,1,0
730,0,3,-0.33319364446353866,-0.550556892352417,2.188856327665703,False,1,0
731,1,1,-0.02620229904051189,4.39225737544969,5.35817698994543,False,0,1
732,0,3,-1.4076633534441323,-0.2866039888484515,2.9850504252071306,True,0,1
733,0,2,-0.10295013539626859,-0.743130126899614,0.0,True,0,1
734,0,2,-0.48668931717505204,-0.42723712385689344,2.639057329615259,True,0,1
735,0,2,-0.48668931717505204,-0.42723712385689344,2.639057329615259,True,0,1
736,0,3,-0.06457621721839024,-0.3519087923620908,2.8390784635086144,True,0,1
737,0,3,1.4320065917188651,0.09216387153065658,3.5660053559634015,False,4,0
739,0,3,-0.10295013539626859,-0.5512664366361745,2.1855792552411137,True,0,1
740,0,3,-0.10295013539626859,-0.5512664366361745,2.1855792552411137,True,0,1
741,1,1,-0.10295013539626859,-0.01414627372410512,3.4339872044851463,True,0,1
742,0,1,0.5110325554497849,1.1728824338633483,4.380149874661021,True,1,0
743,1,1,-0.6401849898865654,5.632441155664523,5.5735788721243535,False,4,0
744,0,3,-0.4099414808192953,-0.3519087923620908,2.8390784635086144,True,1,0
745,1,3,0.1272933736710015,-0.550556892352417,2.188856327665703,True,0,1
746,0,1,3.1204589915455125,0.9821316589490903,4.276666119016055,True,2,0
747,0,3,-1.0239241716653489,-0.25106602600614547,3.056356895370426,True,2,0
748,1,2,0.0505455373152448,-0.42723712385689344,2.639057329615259,False,0,1
749,0,1,-0.7936806625980788,0.5471712932210367,3.9908341858524357,True,1,0
750,0,3,0.1272933736710015,-0.5548092981626075,2.169053700369523,True,0,1
751,1,2,-1.944898207934429,-0.18424250613172385,3.1780538303479458,False,2,0
752,1,3,-1.7914025352229157,-0.43999434128746484,2.600836116795061,True,1,0
753,0,3,0.28078904638251484,-0.5122852400607029,2.3513752571634776,True,0,1
754,0,3,-0.48668931717505204,-0.5512664366361745,2.1855792552411137,True,0,1
755,1,2,1.4320065917188651,0.8363348883139885,4.189654742026425,False,3,0
756,1,2,-2.2004685029990987,-0.390787931198118,2.740840023925201,True,2,0
757,0,3,-0.10295013539626859,-0.5536963828134263,2.174274334826008,True,0,1
758,0,2,-0.8704284989538355,-0.4636863165156689,2.5257286443082556,True,0,1
759,0,3,0.35753688273827156,-0.5475194596308524,2.2027647577118348,True,0,1
760,1,1,0.28078904638251484,1.3587733164231033,4.471638793363569,False,0,1
761,0,3,-0.10295013539626859,-0.390787931198118,2.740840023925201,True,0,1
762,0,3,0.8947717372285684,-0.5699964617704306,2.094945728215801,True,0,1
763,1,3,-0.7169328262423221,-0.5674644578537343,2.1076888046179385,True,0,1
764,1,1,0.5110325554497849,2.1728052858024216,4.795790545596741,False,3,0
765,0,3,-1.0239241716653489,-0.5542018116182946,2.1719067693519296,True,0,1
766,1,1,1.6622501007861352,1.1512146038007949,4.368919865004903,False,1,0
767,0,1,-0.10295013539626859,0.21912855929205774,3.703768066607687,True,0,1
768,0,3,0.08891945549312313,-0.5548092981626075,2.169053700369523,False,0,1
769,0,3,-0.10295013539626859,-0.15629812509332938,3.224857896545748,True,1,0
770,0,3,0.20404121002675818,-0.5399258778269409,2.236712348843338,True,0,1
771,0,3,-0.4099414808192953,-0.5122852400607029,2.3513752571634776,True,0,1
772,0,3,1.4320065917188651,-0.5522772942459113,2.180891922715322,True,0,1
773,0,2,2.1227371189206754,-0.48798577828818585,2.4423470353692043,False,0,1
774,0,3,-0.10295013539626859,-0.5675665155931788,2.1071782966514356,True,0,1
775,1,2,1.8924936098534053,-0.18424250613172385,3.1780538303479458,False,4,0
776,0,3,-0.8704284989538355,-0.5548092981626075,2.169053700369523,True,0,1
777,0,3,-0.10295013539626859,-0.5548092981626075,2.169053700369523,True,0,1
778,1,3,-1.8681503715786725,-0.43999434128746484,2.600836116795061,False,0,1
779,0,3,-0.10295013539626859,-0.5551130414347639,2.1676241075599285,True,0,1
780,1,1,1.0482674099400817,4.39225737544969,5.35817698994543,False,1,0
781,1,3,-1.254167680732619,-0.5674644578537343,2.1076888046179385,False,0,1
782,1,1,-0.9471763353095921,0.6419391941338528,4.060443010546419,False,1,0
783,0,1,-0.02620229904051189,-0.01414627372410512,3.4339872044851463,True,0,1
784,0,3,-0.10295013539626859,-0.17330774833409124,3.196630215920881,True,3,0
785,0,3,-0.33319364446353866,-0.5718189214033693,2.085672091430472,True,0,1
786,0,3,-0.33319364446353866,-0.566959029048866,2.1102132003465894,True,0,1
787,1,3,-0.8704284989538355,-0.5609862213451814,2.139571923732859,False,0,1
788,0,3,-1.6379068625114024,-0.035408302775057465,3.405355391810819,True,5,0
789,1,3,-2.1751417170016993,-0.2431687009300775,3.0715352369694915,True,3,0
790,0,1,1.2785109190073518,1.1813872454837295,4.384523514872469,True,0,1
791,0,3,-0.10295013539626859,-0.5548092981626075,2.169053700369523,True,0,1
792,0,2,-1.0239241716653489,-0.11134412081417297,3.295836866004329,True,0,1
793,0,3,-0.10295013539626859,0.9468974393789407,4.256321678298823,False,10,0
794,0,1,-0.10295013539626859,0.0027612917772121427,3.4561841799918147,True,0,1
795,0,3,-0.33319364446353866,-0.5512664366361745,2.1855792552411137,True,0,1
796,0,2,0.741276064517055,-0.42723712385689344,2.639057329615259,True,0,1
797,1,1,1.508754428074622,-0.11306452270766713,3.2932111997353943,False,0,1
798,1,3,0.1272933736710015,-0.5321306104903174,2.270402752283094,False,0,1
799,0,3,0.0505455373152448,-0.5674644578537343,2.1076888046179385,True,0,1
800,0,3,0.0505455373152448,-0.15629812509332938,3.224857896545748,False,2,0
801,0,2,0.35753688273827156,-0.42723712385689344,2.639057329615259,True,0,1
802,1,2,0.1272933736710015,-0.10526925537104373,3.305053521109253,False,2,0
803,1,1,-1.4076633534441323,2.1728052858024216,4.795790545596741,True,3,0
804,1,3,-2.219655462088038,-0.5361789008216188,2.2530481500547457,True,1,0
805,1,3,-0.17969797175202526,-0.5736413810363081,2.076311648670908,True,0,1
806,0,3,0.1272933736710015,-0.5542018116182946,2.1719067693519296,True,0,1
807,0,1,0.741276064517055,-0.743130126899614,0.0,True,0,1
808,0,3,-0.8704284989538355,-0.5542018116182946,2.1719067693519296,False,0,1
809,0,2,0.741276064517055,-0.42723712385689344,2.639057329615259,True,0,1
810,1,1,0.28078904638251484,0.5471712932210367,3.9908341858524357,False,1,0
811,0,3,-0.25644580810778195,-0.5514681221688864,2.1846457951293594,True,0,1
812,0,3,0.741276064517055,-0.15629812509332938,3.224857896545748,True,0,1
813,0,2,0.4342847190940282,-0.48798577828818585,2.4423470353692043,True,0,1
814,0,3,-1.7914025352229157,0.016835540035853972,3.4742929367327062,False,6,0
815,0,3,0.08891945549312313,-0.5475194596308524,2.2027647577118348,True,0,1
816,0,1,-0.10295013539626859,-0.743130126899614,0.0,True,0,1
817,0,3,-0.48668931717505204,-0.550556892352417,2.188856327665703,False,0,1
818,0,2,0.1272933736710015,0.15605201642295813,3.637696679934592,True,2,0
819,0,3,1.0482674099400817,-0.5863985984668796,2.0082140323914683,True,0,1
820,0,3,-1.484411189799889,-0.06517514344639078,3.3638415951183864,True,5,0
821,1,1,1.738997937141892,1.528869548830722,4.548599834499697,False,2,0
822,1,3,-0.17969797175202526,-0.5326360392951858,2.2682524139135403,True,0,1
823,0,1,0.6645282281612983,-0.743130126899614,0.0,True,0,1
824,1,3,-0.17969797175202526,-0.43999434128746484,2.600836116795061,False,1,0
825,0,3,-2.0983938806459426,0.22125476219715295,3.705920919968788,True,5,0
826,0,3,-0.10295013539626859,-0.5742488675806211,2.0731719286662407,True,0,1
827,0,3,-0.10295013539626859,0.6296874055081498,4.051711901657239,True,0,1
828,1,2,-2.1751417170016993,0.15605201642295813,3.637696679934592,True,2,0
829,1,3,-0.10295013539626859,-0.5548092981626075,2.169053700369523,True,0,1
830,1,1,2.506476300699459,1.200826814901743,4.394449154672439,False,0,1
831,1,3,-1.1006720080211054,-0.3919008465472993,2.737880811060884,False,1,0
832,1,2,-2.188188849182178,-0.2875152186649209,2.9831534913471307,True,2,0
833,0,3,-0.10295013539626859,-0.5674644578537343,2.1076888046179385,True,0,1
834,0,3,-0.48668931717505204,-0.5522772942459113,2.180891922715322,True,0,1
835,0,3,-0.8704284989538355,-0.5414445941877232,2.2300144001592104,True,0,1
836,1,1,0.741276064517055,1.2775718050178833,4.432699549165613,False,2,0
837,0,3,-0.6401849898865654,-0.5326360392951858,2.2682524139135403,True,0,1
838,0,3,-0.10295013539626859,-0.5475194596308524,2.2027647577118348,True,0,1
839,1,3,0.20404121002675818,0.6296874055081498,4.051711901657239,True,0,1
840,1,1,-0.10295013539626859,-0.021436112255860226,3.4242626545931514,True,0,1
841,0,3,-0.7169328262423221,-0.550556892352417,2.188856327665703,True,0,1
842,0,2,-1.0239241716653489,-0.48798577828818585,2.4423470353692043,True,0,1
843,1,1,0.0505455373152448,0.010153188048411841,3.4657359027997265,False,0,1
844,0,3,0.3959108009161499,-0.586702341739036,2.006534770871748,True,0,1
845,0,3,-0.9471763353095921,-0.5326360392951858,2.2682524139135403,True,0,1
846,0,3,0.9715195735843251,-0.5596691905171108,2.145931282948669,True,0,1
847,0,3,-0.10295013539626859,0.9468974393789407,4.256321678298823,True,10,0
848,0,3,0.4342847190940282,-0.5512664366361745,2.1855792552411137,True,0,1
849,0,2,-0.10295013539626859,0.05875211159344576,3.5263605246161616,True,1,0
850,1,1,-0.10295013539626859,1.422053974771092,4.500966778400217,False,1,0
851,0,3,-1.944898207934429,0.016835540035853972,3.4742929367327062,True,6,0
852,0,3,3.427450336968539,-0.5542018116182946,2.1719067693519296,True,0,1
853,0,3,-1.5611590261556456,-0.3726653926081749,2.7878344138303452,False,2,0
854,1,1,-1.0239241716653489,0.21426866693755428,3.6988297849671046,False,1,0
855,0,2,1.1250152462958385,-0.11134412081417297,3.295836866004329,False,1,0
856,1,3,-0.8704284989538355,-0.5159301593265804,2.336986519711378,False,1,0
857,1,1,1.201763082651595,3.2630419473114087,5.11118445372147,False,2,0
858,1,1,1.6622501007861352,-0.09797941683928862,3.3160025355989236,True,0,1
859,1,3,-0.4099414808192953,-0.2751638022459506,3.0085645861193133,False,3,0
860,0,3,-0.10295013539626859,-0.5674644578537343,2.1076888046179385,True,0,1
861,0,3,0.8947717372285684,-0.4003060303744129,2.7152442616824506,True,2,0
862,0,2,-0.6401849898865654,-0.4636863165156689,2.5257286443082556,True,1,0
863,1,1,1.4320065917188651,-0.11306452270766713,3.2932111997353943,False,0,1
864,0,3,-0.10295013539626859,0.9468974393789407,4.256321678298823,False,10,0
865,0,2,-0.4099414808192953,-0.42723712385689344,2.639057329615259,True,0,1
866,1,2,0.9715195735843251,-0.42723712385689344,2.639057329615259,False,0,1
867,1,2,-0.17969797175202526,-0.40638089581754216,2.698558631668595,False,1,0
868,0,1,0.1272933736710015,0.48389063487304806,3.941500250945973,True,0,1
869,0,3,-0.10295013539626859,-0.5122852400607029,2.3513752571634776,True,0,1
870,1,3,-1.944898207934429,-0.4725969291476509,2.4959537387180646,True,2,0
871,0,3,-0.25644580810778195,-0.5512664366361745,2.1855792552411137,True,0,1
872,1,1,1.3552587553631086,0.5339086469855969,3.9806942251907276,False,2,0
873,0,1,0.28078904638251484,-0.6216328180370292,1.791759469228055,True,0,1
874,0,3,1.3552587553631086,-0.5244349709469613,2.302585092994046,True,0,1
875,1,2,-0.10295013539626859,-0.1599430443592069,3.2188758248682006,False,1,0
876,1,3,-1.1006720080211054,-0.5675665155931788,2.1071782966514356,False,0,1
877,0,3,-0.7169328262423221,-0.5038824861797665,2.3837779082709787,True,0,1
878,0,3,-0.7936806625980788,-0.5512664366361745,2.1855792552411137,True,0,1
879,0,3,-0.10295013539626859,-0.5512664366361745,2.1855792552411137,True,0,1
880,1,1,2.0459892825649186,1.2775718050178833,4.432699549165613,False,1,0
881,1,2,-0.33319364446353866,-0.11134412081417297,3.295836866004329,False,1,0
882,0,3,0.28078904638251484,-0.5512664366361745,2.1855792552411137,True,0,1
883,0,3,-0.5634371535308087,-0.4875799772765848,2.4437981558973862,False,0,1
884,0,2,-0.10295013539626859,-0.48798577828818585,2.4423470353692043,True,0,1
885,0,3,-0.33319364446353866,-0.5718189214033693,2.085672091430472,True,0,1
886,0,3,0.741276064517055,-0.035408302775057465,3.405355391810819,False,5,0
887,0,2,-0.17969797175202526,-0.42723712385689344,2.639057329615259,True,0,1
888,1,1,-0.7936806625980788,-0.01414627372410512,3.4339872044851463,False,0,1
889,0,3,-0.10295013539626859,-0.17330774833409124,3.196630215920881,False,3,0
890,1,1,-0.25644580810778195,-0.01414627372410512,3.4339872044851463,True,0,1
891,0,3,0.20404121002675818,-0.5548092981626075,2.169053700369523,True,0,1
